{"k": [["coef,UEs", 1.0], ["coef,Types_Notes", 1.0], ["note,UEs", 1.0], ["note,Types_Notes", 1.0], ["note,Etudiants", 1.0], ["responsables,UEs", 1.0], ["responsables,Enseignants", 1.0], ["enseignent,UEs", 1.0], ["enseignent,Enseignants", 1.0], ["inscrivent,UEs", 1.0], ["inscrivent,Etudiants", 1.0], ["\u00e9tudient,Etudiants", 1.0], ["\u00e9tudient,Annees", 1.0], ["X,Enseignants", 1.0], ["X,Etudiants", 1.0], ["X,Users", 1.0], ["reli\u00e9es,Etudiants", 1.0], ["reli\u00e9es,Semestres", 1.0], ["contient,Semestres", 1.0], ["contient,Diplomes", 1.0]], "colors": [["associationAttributeTextColor", "#7F5D3B"], ["associationCartoucheColor", "#CE9F6F"], ["associationCartoucheTextColor", "#7F5D3B"], ["associationColor", "#E2BE9F"], ["associationStrokeColor", "#896C39"], ["backgroundColor", null], ["cardTextColor", "#5C4827"], ["entityAttributeTextColor", "#645530"], ["entityCartoucheColor", "#FAA945"], ["entityCartoucheTextColor", "#645530"], ["entityColor", "#FFB94E"], ["entityStrokeColor", "#CB7E1F"], ["labelTextColor", "#5C4827"], ["legStrokeColor", "#4C3D30"], ["transparentColor", null]], "cy": [["UEs", 73], ["coef", 73], ["Types_Notes", 73], ["note", 209], ["responsables", 305], ["enseignent", 305], ["inscrivent", 305], ["Enseignants", 393], ["Etudiants", 393], ["\u00e9tudient", 393], ["Annees", 393], ["Diplomes", 393], ["X", 497], ["reli\u00e9es", 497], ["contient", 497], ["Users", 625], ["Semestres", 625]], "cx": [["UEs", 157], ["coef", 308], ["Types_Notes", 418], ["note", 308], ["responsables", 157], ["enseignent", 308], ["inscrivent", 418], ["Enseignants", 51], ["Etudiants", 157], ["\u00e9tudient", 308], ["Annees", 418], ["Diplomes", 514], ["X", 157], ["reli\u00e9es", 308], ["contient", 418], ["Users", 205], ["Semestres", 308]], "t": [["X,Enseignants", 0.5], ["X,Etudiants", 0.5], ["X,Users", 0.5], ["contient,Semestres", 0.5]], "size": [561, 698]}