{"k": [["contient,Semestres", 1.0], ["contient,Annees", 1.0], ["associ\u00e9es_aux,UEs", 1.0], ["associ\u00e9es_aux,Semestres", 1.0]], "colors": [["associationAttributeTextColor", "#7F5D3B"], ["associationCartoucheColor", "#CE9F6F"], ["associationCartoucheTextColor", "#7F5D3B"], ["associationColor", "#E2BE9F"], ["associationStrokeColor", "#896C39"], ["backgroundColor", null], ["cardTextColor", "#5C4827"], ["entityAttributeTextColor", "#645530"], ["entityCartoucheColor", "#FAA945"], ["entityCartoucheTextColor", "#645530"], ["entityColor", "#FFB94E"], ["entityStrokeColor", "#CB7E1F"], ["labelTextColor", "#5C4827"], ["legStrokeColor", "#4C3D30"], ["transparentColor", null]], "cy": [["Semestres", 49], ["contient", 49], ["Annees", 49], ["associ\u00e9es_aux", 137], ["UEs", 249]], "cx": [["Semestres", 46], ["contient", 147], ["Annees", 248], ["associ\u00e9es_aux", 147], ["UEs", 147]], "t": [["contient,Semestres", 0.5]], "size": [295, 322]}